Model,MAE,RMSE,MAPE,SMAPE,R²,Training Time,Inference Time,Pinball Loss
lightgbm_quantile,174.127621,243.542956,24062680.483057,44.258703,0.639565,4.758943,0.023419,50.063676
lstm,416.911954,534.025409,94465231.909787,109.546024,-0.733003,32.85039,0.614673,N/A
mlp,352.260413,588.592233,1039785886.283222,72.004613,-1.105255,1.860589,0.010276,N/A
mock_model,332.292088,406.108761,249532241.202538,72.939663,-0.002214,0.001285,0.000206,N/A
mock_test,0.05,0.1,,,0.95,1.5,0.02,N/A
random_forest,157.834466,253.719658,61970854.821865,38.999072,0.608814,2.000928,0.035809,N/A
svr,212.771794,296.245494,53817552.449954,57.508833,0.466691,0.431164,0.205362,N/A
xgboost,150.320743,218.515741,50324836.64537,42.823926,0.709838,2.229155,0.015502,N/A
