Model,MAE,RMSE,MAPE,WMAPE,SMAPE,R²,Training Time,Inference Time,Pinball Loss
xgboost,150.320743,218.515741,30.674077,27.68%,42.823926,0.709838,2.044802,0.013533,N/A
lightgbm_quantile,174.127621,243.542956,32.53524,32.07%,44.258703,0.639565,4.646927,0.023681,50.063676
random_forest,157.834466,253.719658,29.701486,29.07%,38.999072,0.608814,2.111087,0.029527,N/A
svr,212.771794,296.245494,41.370506,39.19%,57.508833,0.466691,0.44999,0.199928,N/A
lstm,410.048135,526.169529,202.26691,75.52%,106.593443,-0.682391,28.944679,0.6185,N/A
mlp,352.260413,588.592233,54.268862,64.88%,72.004613,-1.105255,2.08874,0.01215,N/A
